[{"id":"ce09dd8f.cbde4","type":"tab","label":"Flow 2","disabled":false,"info":""},{"id":"7be21cf8.d83fe4","type":"ui_text","z":"ce09dd8f.cbde4","group":"2d524e2a.5e5d12","order":2,"width":0,"height":0,"name":"","label":"Predicition","format":"{{msg.payload}}","layout":"row-spread","x":965.0000133514404,"y":406.0000057220459,"wires":[]},{"id":"a04e9a2b.a9b4c8","type":"ui_form","z":"ce09dd8f.cbde4","name":"","label":"form to be filled","group":"2d524e2a.5e5d12","order":1,"width":"0","height":"0","options":[{"label":"Adult_Mortality[INDIA:181]","value":"Adult_Mortality","type":"number","required":true},{"label":"infant_deaths[INDIA:910]","value":"infant_deaths","type":"number","required":true},{"label":"Alcohol 0 - 17 [in Liters of pure Alcohol]","value":"Alcohol","type":"number","required":true},{"label":"percentage_expenditure[INDIA:86.52]","value":"percentage_expenditure","type":"number","required":true},{"label":"Hepatitis_B","value":"Hepatitis_B","type":"number","required":true},{"label":"Measles ","value":"Measles","type":"number","required":true},{"label":" BMI[11.4-87]","value":"bmi","type":"number","required":true},{"label":"under_five_deaths[INDIA:1100]","value":"under_five_deaths","type":"number","required":true},{"label":"Polio(%)","value":"Polio","type":"number","required":true},{"label":"Total_expenditure(%)[INDIA:8]","value":"Total_expenditure","type":"number","required":true},{"label":"Diphtheria(%)","value":"Diphtheria","type":"number","required":true},{"label":"HIV_AIDS","value":"HIV_AIDS","type":"number","required":true},{"label":"GDP[INDIA:1613.18878]","value":"GDP","type":"number","required":true},{"label":"Population","value":"Population","type":"number","required":true},{"label":"thinness_1_to_19_years[INDIA:26.7]","value":"thinness_1_to_19_years","type":"number","required":true},{"label":"thinness_5_to_9_years[INDIA:27.3]","value":"thinness_5_to_9_years","type":"number","required":true},{"label":"Income_composition_of_resources[0-1]","value":"Income_composition_of_resources","type":"number","required":true},{"label":"Schooling[YEARS]","value":"Schooling","type":"number","required":true}],"formValue":{"Adult_Mortality":"","infant_deaths":"","Alcohol":"","percentage_expenditure":"","Hepatitis_B":"","Measles":"","bmi":"","under_five_deaths":"","Polio":"","Total_expenditure":"","Diphtheria":"","HIV_AIDS":"","GDP":"","Population":"","thinness_1_to_19_years":"","thinness_5_to_9_years":"","Income_composition_of_resources":"","Schooling":""},"payload":"","submit":"Submit","cancel":"Cancel","topic":"","x":108,"y":290.00000381469727,"wires":[["18cc6387.a844ec","1d746e28.fc3eb2","ae2b241.bea50d8","49c14119.53ccc","103872a7.27085d","c2d643b0.56463","de966a19.11ce28","b2e3795d.93da48","7655f234.cb58cc","4e3cd515.c63b9c","8c600b68.8600c8","ee9aee59.9e076","f54f752f.75f338","e8b202b.aee1f","eeb0a22a.fa64f","331853a7.142aac","6e45eb68.6ca274","9063239a.ed08b","90c520de.3669"]]},{"id":"18cc6387.a844ec","type":"function","z":"ce09dd8f.cbde4","name":"parameters","func":"global.set(\"Adult_Mortality\",msg.payload.Adult_Mortality)\nglobal.set(\"infant_deaths\",msg.payload.infant_deaths)\nglobal.set(\"Alcohol\",msg.payload.Alcohol)\nglobal.set(\"percentage_expenditure\",msg.payload.percentage_expenditure)\nglobal.set(\"Hepatitis_B\",msg.payload.Hepatitis_B)\nglobal.set(\"Measles\",msg.payload.Measles)\nglobal.set(\"BMI\",msg.payload.bmi)\nglobal.set(\"under_five_deaths\",msg.payload.under_five_deaths)\nglobal.set(\"Polio\",msg.payload.Polio)\nglobal.set(\"Total_expenditure\",msg.payload.Total_expenditure)\nglobal.set(\"Diphtheria\",msg.payload.Diphtheria)\nglobal.set(\"HIV_AIDS\",msg.payload.HIV_AIDS)\nglobal.set(\"GDP\",msg.payload.GDP)\nglobal.set(\"Population\",msg.payload.Population)\nglobal.set(\"thinness_1_to_19_years\",msg.payload.thinness_1_to_19_years)\nglobal.set(\"thinness_5_to_9_years\",msg.payload.thinness_5_to_9_years)\nglobal.set(\"Income_composition_of_resources\",msg.payload.Income_composition_of_resources)\nglobal.set(\"Schooling\",msg.payload.Schooling)\nreturn msg;\n","outputs":1,"noerr":0,"x":273.00000381469727,"y":168.00002670288086,"wires":[["a6c1da3c.e03dc8","ec87b21d.62ef2"]]},{"id":"a6c1da3c.e03dc8","type":"http request","z":"ce09dd8f.cbde4","name":"","method":"GET","ret":"obj","paytoqs":false,"url":"https://eu-gb.ml.cloud.ibm.com/v3/identity/token","tls":"","proxy":"","authType":"basic","x":365,"y":413.00000953674316,"wires":[["6805ac3d.6eb024"]]},{"id":"2796db91.995c74","type":"http request","z":"ce09dd8f.cbde4","name":"","method":"POST","ret":"obj","paytoqs":false,"url":"https://eu-gb.ml.cloud.ibm.com/v3/wml_instances/07e882a2-f3c7-4e35-8f73-7120410d0164/deployments/f0f9a697-6f6f-44d8-a49d-057135ec868d/online","tls":"","proxy":"","authType":"basic","x":519.0000038146973,"y":177.00000762939453,"wires":[["d872e16d.cd91b","ae1c2ca4.42b7"]]},{"id":"d872e16d.cd91b","type":"debug","z":"ce09dd8f.cbde4","name":"","active":true,"tosidebar":true,"console":false,"tostatus":false,"complete":"payload","targetType":"msg","x":797.0000114440918,"y":136.00001430511475,"wires":[]},{"id":"ae1c2ca4.42b7","type":"function","z":"ce09dd8f.cbde4","name":"","func":"msg.payload=msg.payload.values[0][0]\nreturn msg;","outputs":1,"noerr":0,"x":765,"y":353.00000953674316,"wires":[["7be21cf8.d83fe4","b74495a6.92b5c8"]]},{"id":"6805ac3d.6eb024","type":"function","z":"ce09dd8f.cbde4","name":"prediction","func":"var token = msg.payload.token\nvar Adult_Mortality=global.get('Adult_Mortality')\nvar infant_deaths=global.get('infant_deaths')\nvar Alcohol=global.get('Alcohol')\nvar percentage_expenditure=global.get('percentage_expenditure')\nvar Hepatitis_B=global.get('Hepatitis_B')\nvar Measles=global.get('Measles')\nvar BMI=global.get('BMI')\nvar under_five_deaths=global.get('under_five_deaths')\nvar Polio=global.get('Polio')\nvar Total_expenditure=global.get('Total_expenditure')\nvar Diphtheria=global.get('Diphtheria')\nvar HIV_AIDS=global.get('HIV_AIDS')\nvar GDP=global.get('GDP')\nvar Population=global.get('Population')\nvar thinness_1_to_19_years=global.get('thinness_1_to_19_years')\nvar thinness_5_to_9_years=global.get('thinness_5_to_9_years')\nvar Income_composition_of_resources=global.get('Income_composition_of_resources')\nvar Schooling=global.get('Schooling')\nmsg.payload ={\"fields\":[\"Adult_Mortality\",\"infant_deaths\",\"Alcohol\",\"percentage_expenditure\",\"Hepatitis_B\",\"Measles\",\"BMI\",\"under_five_deaths\",\"Polio\",\"Total_expenditure\",\"Diphtheria\",\"HIV_AIDS\",\"GDP\",\"Population\",\"thinness_1_to_19_years\",\"thinness_5_to_9_years\",\"Income_composition_of_resources\",\"Schooling\"],values:[[Adult_Mortality,infant_deaths,Alcohol,percentage_expenditure,Hepatitis_B,Measles,BMI,under_five_deaths,Polio,Total_expenditure,Diphtheria,HIV_AIDS,GDP,Population,thinness_1_to_19_years,thinness_5_to_9_years,Income_composition_of_resources,Schooling]]}\nmsg.headers={\"Authorization\":\"Bearer \"+token}\nreturn msg;\n","outputs":1,"noerr":0,"x":441.40003204345703,"y":278.600004196167,"wires":[["2796db91.995c74"]]},{"id":"ec87b21d.62ef2","type":"debug","z":"ce09dd8f.cbde4","name":"","active":true,"tosidebar":true,"console":false,"tostatus":false,"complete":"payload","targetType":"msg","x":434,"y":98,"wires":[]},{"id":"b74495a6.92b5c8","type":"ui_chart","z":"ce09dd8f.cbde4","name":"","group":"2d524e2a.5e5d12","order":19,"width":"1","height":"3","label":"chart","chartType":"bar","legend":"false","xformat":"HH:mm:ss","interpolate":"linear","nodata":"","dot":false,"ymin":"","ymax":"","removeOlder":1,"removeOlderPoints":"","removeOlderUnit":"3600","cutout":0,"useOneColor":false,"colors":["#1f77b4","#aec7e8","#ff7f0e","#2ca02c","#98df8a","#d62728","#ff9896","#9467bd","#c5b0d5"],"useOldStyle":false,"outputs":1,"x":853.1000366210938,"y":458.60003662109375,"wires":[[]]},{"id":"1d746e28.fc3eb2","type":"ui_gauge","z":"ce09dd8f.cbde4","name":"","group":"90198307.c7d07","order":1,"width":0,"height":0,"gtype":"gage","title":"Adult Mortality","label":"units","format":"{{msg.payload.Adult_Mortality}}","min":"1","max":"500","colors":["#00b500","#e6e600","#ca3838"],"seg1":"100","seg2":"300","x":249.1000518798828,"y":439.6000556945801,"wires":[]},{"id":"49c14119.53ccc","type":"ui_gauge","z":"ce09dd8f.cbde4","name":"","group":"90198307.c7d07","order":3,"width":0,"height":0,"gtype":"gage","title":"Alcohol","label":"units","format":"{{msg.payload.Alcohol}}","min":0,"max":"17.87","colors":["#00b500","#e6e600","#ca3838"],"seg1":"4","seg2":"8","x":228,"y":534.0000085830688,"wires":[]},{"id":"ae2b241.bea50d8","type":"ui_gauge","z":"ce09dd8f.cbde4","name":"","group":"90198307.c7d07","order":2,"width":0,"height":0,"gtype":"gage","title":"Infant Deaths","label":"units","format":"{{msg.payload.infant_deaths}}","min":"1","max":"1800","colors":["#00b500","#e6e600","#ca3838"],"seg1":"400","seg2":"1000","x":237,"y":488.00000858306885,"wires":[]},{"id":"103872a7.27085d","type":"ui_gauge","z":"ce09dd8f.cbde4","name":"","group":"90198307.c7d07","order":4,"width":0,"height":0,"gtype":"gage","title":"Percentage Expenditure","label":"units","format":"{{msg.payload.percentage_expenditure}}","min":0,"max":"19479.91","colors":["#00b500","#e6e600","#ca3838"],"seg1":"4869","seg2":"9739","x":278.00000381469727,"y":575.0000076293945,"wires":[]},{"id":"c2d643b0.56463","type":"ui_gauge","z":"ce09dd8f.cbde4","name":"","group":"90198307.c7d07","order":5,"width":0,"height":0,"gtype":"gage","title":"Hepatitis B","label":"units","format":"{{msg.payload.Hepatitis_B}}","min":0,"max":"99","colors":["#00b500","#e6e600","#ca3838"],"seg1":"24","seg2":"49","x":235.00000381469727,"y":614.0000076293945,"wires":[]},{"id":"de966a19.11ce28","type":"ui_gauge","z":"ce09dd8f.cbde4","name":"","group":"90198307.c7d07","order":6,"width":0,"height":0,"gtype":"gage","title":"Measles","label":"units","format":"{{msg.payload.Measles}}","min":0,"max":"212183","colors":["#00b500","#e6e600","#ca3838"],"seg1":"53045","seg2":"106091","x":230.00000381469727,"y":652.0000085830688,"wires":[]},{"id":"b2e3795d.93da48","type":"ui_gauge","z":"ce09dd8f.cbde4","name":"","group":"90198307.c7d07","order":7,"width":0,"height":0,"gtype":"gage","title":"BMI","label":"units","format":"{{msg.payload.bmi}}","min":"1","max":"87","colors":["#00b500","#e6e600","#ca3838"],"seg1":"21","seg2":"43","x":220.00000381469727,"y":692.7999973297119,"wires":[]},{"id":"7655f234.cb58cc","type":"ui_gauge","z":"ce09dd8f.cbde4","name":"","group":"90198307.c7d07","order":8,"width":0,"height":0,"gtype":"gage","title":"Under 5 Deaths","label":"units","format":"{{msg.payload.under_five_deaths}}","min":0,"max":"2500","colors":["#00b500","#e6e600","#ca3838"],"seg1":"625","seg2":"1250","x":246.10000610351562,"y":736.3999938964844,"wires":[]},{"id":"4e3cd515.c63b9c","type":"ui_gauge","z":"ce09dd8f.cbde4","name":"","group":"90198307.c7d07","order":9,"width":0,"height":0,"gtype":"gage","title":"Polio","label":"units","format":"{{msg.payload.Polio}}","min":"3","max":"99","colors":["#00b500","#e6e600","#ca3838"],"seg1":"25","seg2":"49","x":220.10000228881836,"y":779.3999996185303,"wires":[]},{"id":"8c600b68.8600c8","type":"ui_gauge","z":"ce09dd8f.cbde4","name":"","group":"90198307.c7d07","order":10,"width":0,"height":0,"gtype":"gage","title":"Total Expenditure","label":"units","format":"{{msg.payload.Total_expenditure}}","min":"0.37","max":"17","colors":["#00b500","#e6e600","#ca3838"],"seg1":"4","seg2":"8.5","x":262.10000228881836,"y":822.4000000953674,"wires":[]},{"id":"ee9aee59.9e076","type":"ui_gauge","z":"ce09dd8f.cbde4","name":"","group":"90198307.c7d07","order":11,"width":0,"height":0,"gtype":"gage","title":"Diphtheria","label":"units","format":"{{msg.payload.Diphtheria}}","min":"2","max":"99","colors":["#00b500","#e6e600","#ca3838"],"seg1":"24","seg2":"49","x":244.10000610351562,"y":863.3999938964844,"wires":[]},{"id":"f54f752f.75f338","type":"ui_gauge","z":"ce09dd8f.cbde4","name":"","group":"90198307.c7d07","order":12,"width":0,"height":0,"gtype":"gage","title":"HIV","label":"units","format":"{{msg.payload.HIV_AIDS}}","min":"0.1","max":"50.6","colors":["#00b500","#e6e600","#ca3838"],"seg1":"12","seg2":"25","x":226.10000610351562,"y":910.4000244140625,"wires":[]},{"id":"e8b202b.aee1f","type":"ui_gauge","z":"ce09dd8f.cbde4","name":"","group":"90198307.c7d07","order":13,"width":0,"height":0,"gtype":"gage","title":"GDP","label":"units","format":"{{msg.payload.GDP}}","min":"1.6","max":"11917.7","colors":["#00b500","#e6e600","#ca3838"],"seg1":"29793","seg2":"59586","x":220.10000610351562,"y":959.4000244140625,"wires":[]},{"id":"eeb0a22a.fa64f","type":"ui_gauge","z":"ce09dd8f.cbde4","name":"","group":"90198307.c7d07","order":14,"width":0,"height":0,"gtype":"gage","title":"Population","label":"units","format":"{{msg.payload.Population}}","min":0,"max":"1501627048","colors":["#00b500","#e6e600","#ca3838"],"seg1":"325406976","seg2":"650813952","x":243.10000610351562,"y":999.4000244140625,"wires":[]},{"id":"331853a7.142aac","type":"ui_gauge","z":"ce09dd8f.cbde4","name":"","group":"90198307.c7d07","order":15,"width":0,"height":0,"gtype":"gage","title":"Thinness 1-19 Years","label":"units","format":"{{msg.payload.thinness_1_to_19_years}}","min":"0.1","max":"27.7","colors":["#00b500","#e6e600","#ca3838"],"seg1":"7","seg2":"13","x":275.10000228881836,"y":1039.4000644683838,"wires":[]},{"id":"6e45eb68.6ca274","type":"ui_gauge","z":"ce09dd8f.cbde4","name":"","group":"90198307.c7d07","order":16,"width":0,"height":0,"gtype":"gage","title":"Thinness 5-9 years","label":"units","format":"{{msg.payload.thinness_5_to_9_years}}","min":"0.1","max":"28.6","colors":["#00b500","#e6e600","#ca3838"],"seg1":"","seg2":"","x":268.1000061035156,"y":1076.3999910354614,"wires":[]},{"id":"9063239a.ed08b","type":"ui_gauge","z":"ce09dd8f.cbde4","name":"","group":"90198307.c7d07","order":17,"width":0,"height":0,"gtype":"gage","title":"Income Composition Of Resources","label":"units","format":"{{msg.payload.Income_composition_of_resources}}","min":0,"max":"0.948","colors":["#00b500","#e6e600","#ca3838"],"seg1":"0.2","seg2":"0.5","x":318.1000061035156,"y":1121.1999816894531,"wires":[]},{"id":"90c520de.3669","type":"ui_gauge","z":"ce09dd8f.cbde4","name":"","group":"90198307.c7d07","order":18,"width":0,"height":0,"gtype":"gage","title":"Schooling","label":"units","format":"{{msg.payload.Schooling}}","min":0,"max":"20.7","colors":["#00b500","#e6e600","#ca3838"],"seg1":"5","seg2":"10","x":233.10000610351562,"y":1163.1999816894531,"wires":[]},{"id":"479eb9b3.d9a198","type":"ui_text","z":"ce09dd8f.cbde4","group":"41e52cf4.4630b4","order":0,"width":0,"height":0,"name":"","label":"","format":"Adult mortality rate represents the probability that a 15 year old person will die before reaching his/her 60th birthday,Adult Mortality Rates of both sexes (probability of dying between 15 and 60 years per 1000 population)","layout":"row-left","x":67,"y":351.3999938964844,"wires":[]},{"id":"a334d90e.6d7578","type":"ui_text","z":"ce09dd8f.cbde4","group":"145bb77f.6b31a9","order":10,"width":0,"height":0,"name":"","label":"","format":"Infant deaths were reported the highest in the world in India, followed by Nigeria at 466,000, Pakistan at 330,000 and the Democratic Republic of Congo at 233,000 (DRC). India recorded 605,000 neonatal deaths in 2017, and the number of deaths among children aged 5-14 was recorded at 152,000.Number of Infant Deaths per 1000 population","layout":"row-left","x":64.99995040893555,"y":393.40001106262207,"wires":[]},{"id":"887f8cda.22bca","type":"ui_text","z":"ce09dd8f.cbde4","group":"cb180d2b.c47c4","order":0,"width":0,"height":0,"name":"","label":"","format":"Alcohol prohibition in India is in force in the states of Bihar, Gujarat, Mizoram and Nagaland as well as in the Union Territory of Lakshadweep. All other Indian states and union territories permit the sale of alcohol.Alcohol, recorded per capita (15+) consumption (in litres of pure alcohol)","layout":"row-left","x":66.89994812011719,"y":437.7999448776245,"wires":[]},{"id":"563b6efb.8a21e","type":"ui_text","z":"ce09dd8f.cbde4","group":"d7e63974.88f928","order":10,"width":0,"height":0,"name":"","label":"","format":"Expenditure on health as a percentage of Gross Domestic Product per capita(%)","layout":"row-left","x":65.89989852905273,"y":479.7999458312988,"wires":[]},{"id":"72105559.37a03c","type":"ui_text","z":"ce09dd8f.cbde4","group":"2d24bff1.08047","order":0,"width":0,"height":0,"name":"","label":"","format":"Image result for hepatitis b in indiawww.asianscientist.com The average estimated carrier rate of hepatitis B virus (HBV) in India is 4%, with a total pool of approximately 36 million carriers. ... Acute and subacute liver failure are common complications of viral hepatitis in India and HBV is reckoned to be the aetiological agent in 42% and 45% of adult cases, respectively.   Hepatitis B (HepB) immunization coverage among 1-year-olds (%)","layout":"row-left","x":65.89995956420898,"y":523.7999458312988,"wires":[]},{"id":"bc4fff31.0d5d3","type":"ui_text","z":"ce09dd8f.cbde4","group":"c8b3a286.d0091","order":10,"width":0,"height":0,"name":"","label":"","format":"Every year in India nearly 2.7 million children get measles. Those who survive, suffer from serious complications including diarrhoea, pneumonia and malnutrition. Rubella transmission is also highly prevalent across India.          Measles - number of reported cases per 1000 population","layout":"row-left","x":65.8999137878418,"y":565.7999458312988,"wires":[]},{"id":"f06e267c.7367f8","type":"ui_text","z":"ce09dd8f.cbde4","group":"3a5c8f0b.a8f85","order":0,"width":0,"height":0,"name":"","label":"","format":"The body mass index or Quetelet index is a value derived from the mass and height of a person. The BMI is defined as the body mass divided by the square of the body height, and is universally expressed in units of kg/m², resulting from mass in kilograms and height in metres.        Average Body Mass Index of entire population","layout":"row-left","x":68.89995193481445,"y":610.5999326705933,"wires":[]},{"id":"55bb9e33.df07","type":"ui_text","z":"ce09dd8f.cbde4","group":"a7dc2578.7ff3e8","order":10,"width":0,"height":0,"name":"","label":"","format":"Most (57.9 per cent) of deaths among Indian children under five in 2015 occurred in the first four weeks of life -- the neonatal period. Countrywide, the leading cause of death for children under five was preterm birth complications, which accounted for 27.5 per cent of the mortality total.             Number of under-five deaths per 1000 population","layout":"row-left","x":66.89990234375,"y":651.5999336242676,"wires":[]},{"id":"24d3bf02.e7d7a","type":"ui_text","z":"ce09dd8f.cbde4","group":"37f56138.933cce","order":0,"width":0,"height":0,"name":"","label":"","format":"In India, vaccination against polio started in 1978 with Expanded Programme on Immunization (EPI). ... On 27 March 2014, the World Health Organization (WHO) declared India a polio free country, since no cases of wild polio been reported in for five years.            Polio (Pol3) immunization coverage among 1-year-olds (%)","layout":"row-left","x":68.79990005493164,"y":696.9998836517334,"wires":[]},{"id":"b79db98e.33a248","type":"ui_text","z":"ce09dd8f.cbde4","group":"c83f3f9c.1974c","order":10,"width":0,"height":0,"name":"","label":"","format":"Total expenditure at Rs 27,84,200 crore, marking an increase of 13.3 per cent as compared to Rs 24,57,235 crore in 2018-19. * The fiscal deficit for 2019-20 is estimated to be 3.4 per cent of the gross domestic product (GDP). * India's debt to GDP ratio was 46.5 per cent in 2017-18.                General government expenditure on health as a percentage of total government expenditure (%)","layout":"row-left","x":67.79985046386719,"y":738.9998846054077,"wires":[]},{"id":"f4760cce.7c118","type":"ui_text","z":"ce09dd8f.cbde4","group":"9cb3cc16.a3c7","order":0,"width":0,"height":0,"name":"","label":"","format":"Trend of diphtheria cases reported globally and from India, 1989–2015. The number of cases reported to WHO has declined from nearly 100,000 cases in 1980 to 2,500 cases in 2015. ... As per the CBHI data, during 2005–2014, India reported 41,672 cases (average: 4,167 per year) with 897 deaths (case fatality ratio: 2.2%).              Diphtheria tetanus toxoid and pertussis (DTP3) immunization coverage among 1-year-olds (%)","layout":"row-left","x":67.79991149902344,"y":782.9998846054077,"wires":[]},{"id":"4674d40b.f80c2c","type":"ui_text","z":"ce09dd8f.cbde4","group":"bff5a45c.e80bd8","order":10,"width":0,"height":0,"name":"","label":"","format":"HIV and AIDS in India. India has the third largest HIV epidemic in the world, with 2.1 million people living with HIV. India's epidemic is concentrated among key affected populations including sex workers and men who have sex with men.                   Deaths per 1 000 live births HIV/AIDS (0-4 years)","layout":"row-left","x":67.79986572265625,"y":824.9998846054077,"wires":[]},{"id":"f912d7c.17c8228","type":"ui_text","z":"ce09dd8f.cbde4","group":"24effc18.749254","order":0,"width":0,"height":0,"name":"","label":"","format":"2.6 lakh crores USD (2017).              Gross Domestic Product per capita (in USD)","layout":"row-left","x":71.89997482299805,"y":866.4000358581543,"wires":[]},{"id":"6bd77444.f97c0c","type":"ui_text","z":"ce09dd8f.cbde4","group":"fe61149.b5528e8","order":10,"width":0,"height":0,"name":"","label":"","format":"133.92 crores (2017).               Population of the country","layout":"row-left","x":66.89990615844727,"y":906.4000234603882,"wires":[]},{"id":"c6eac145.9269c","type":"ui_text","z":"ce09dd8f.cbde4","group":"df03bb35.7b8898","order":0,"width":0,"height":0,"name":"","label":"","format":"Prevalence of thinness among children and adolescents for Age 10 to 19 (% )","layout":"row-left","x":68.7999038696289,"y":951.799973487854,"wires":[]},{"id":"63e9539e.45770c","type":"ui_text","z":"ce09dd8f.cbde4","group":"39de6d.45d92194","order":10,"width":0,"height":0,"name":"","label":"","format":"Prevalence of thinness among children for Age 5 to 9(%)","layout":"row-left","x":66.79985809326172,"y":992.8000373840332,"wires":[]},{"id":"b966e039.10da1","type":"ui_text","z":"ce09dd8f.cbde4","group":"7786246b.dafeac","order":0,"width":0,"height":0,"name":"","label":"","format":" Income from natural resources, percent of GDP. : For that indicator, The World Bank provides data for India from 1970 to 2017. The average value for India during that period was 2.9 percent with a minumum of 0.69 percent in 1970 and a maximum of 7.35 percent in 2008.                Human Development Index in terms of income composition of resources (index ranging from 0 to 1)","layout":"row-left","x":71.7999038696289,"y":1033.800100326538,"wires":[]},{"id":"a961b5.4cd58e48","type":"ui_text","z":"ce09dd8f.cbde4","group":"9a8a2df3.6ef63","order":10,"width":0,"height":0,"name":"","label":"","format":"Education in India is provided by public schools (controlled and funded by three levels: central, state and local) and private schools. Under various articles of the Indian Constitution, free and compulsory education is provided as a fundamental right to children between the ages of 6 and 14. The approximate ratio of public schools to private schools in India is 7:5.              Number of years of Schooling(years)","layout":"row-left","x":72.79986572265625,"y":1081.7999744415283,"wires":[]},{"id":"2d524e2a.5e5d12","type":"ui_group","z":"","name":"","tab":"83b2d6a5.5f8f98","disp":true,"width":"6","collapse":false},{"id":"90198307.c7d07","type":"ui_group","z":"","name":"Data","tab":"83b2d6a5.5f8f98","disp":true,"width":"6","collapse":false},{"id":"41e52cf4.4630b4","type":"ui_group","z":"","name":"Adult Mortality","tab":"c523691c.b0aaf8","disp":true,"width":"11","collapse":true},{"id":"145bb77f.6b31a9","type":"ui_group","z":"","name":"infant deaths","tab":"c523691c.b0aaf8","disp":true,"width":"11","collapse":true},{"id":"cb180d2b.c47c4","type":"ui_group","z":"","name":"Alcohol","tab":"c523691c.b0aaf8","disp":true,"width":"11","collapse":true},{"id":"d7e63974.88f928","type":"ui_group","z":"","name":"percentage expenditure","tab":"c523691c.b0aaf8","disp":true,"width":"11","collapse":true},{"id":"2d24bff1.08047","type":"ui_group","z":"","name":"hepatitis b","tab":"c523691c.b0aaf8","disp":true,"width":"11","collapse":true},{"id":"c8b3a286.d0091","type":"ui_group","z":"","name":"measles","tab":"c523691c.b0aaf8","disp":true,"width":"11","collapse":true},{"id":"3a5c8f0b.a8f85","type":"ui_group","z":"","name":"BMI","tab":"c523691c.b0aaf8","disp":true,"width":"11","collapse":true},{"id":"a7dc2578.7ff3e8","type":"ui_group","z":"","name":"under-five deaths ","tab":"c523691c.b0aaf8","disp":true,"width":"11","collapse":true},{"id":"37f56138.933cce","type":"ui_group","z":"","name":"Polio","tab":"c523691c.b0aaf8","disp":true,"width":"11","collapse":true},{"id":"c83f3f9c.1974c","type":"ui_group","z":"","name":"Total expenditure","tab":"c523691c.b0aaf8","disp":true,"width":"11","collapse":true},{"id":"9cb3cc16.a3c7","type":"ui_group","z":"","name":"Diphtheria ","tab":"c523691c.b0aaf8","disp":true,"width":"11","collapse":true},{"id":"bff5a45c.e80bd8","type":"ui_group","z":"","name":"HIV","tab":"c523691c.b0aaf8","disp":true,"width":"11","collapse":true},{"id":"24effc18.749254","type":"ui_group","z":"","name":"GDP","tab":"c523691c.b0aaf8","disp":true,"width":"11","collapse":true},{"id":"fe61149.b5528e8","type":"ui_group","z":"","name":"Population","tab":"c523691c.b0aaf8","disp":true,"width":"11","collapse":true},{"id":"df03bb35.7b8898","type":"ui_group","z":"","name":" thinness  1-19 years","tab":"c523691c.b0aaf8","disp":true,"width":"11","collapse":true},{"id":"39de6d.45d92194","type":"ui_group","z":"","name":"thinness 5-9 years","tab":"c523691c.b0aaf8","disp":true,"width":"11","collapse":true},{"id":"7786246b.dafeac","type":"ui_group","z":"","name":"Income composition of Resources","tab":"c523691c.b0aaf8","disp":true,"width":"11","collapse":true},{"id":"9a8a2df3.6ef63","type":"ui_group","z":"","name":"Schooling","tab":"c523691c.b0aaf8","disp":true,"width":"11","collapse":true},{"id":"83b2d6a5.5f8f98","type":"ui_tab","z":"","name":"Home","icon":"dashboard","disabled":false,"hidden":false},{"id":"c523691c.b0aaf8","type":"ui_tab","z":"","name":"Know more","icon":"dashboard","disabled":false,"hidden":false}]